{
    "accuracy": [
        0.3085305988788605,
        0.4974018335342407,
        0.5586027503013611,
        0.5967090129852295,
        0.6290415525436401,
        0.6498267650604248,
        0.6694572567939758,
        0.6839635968208313,
        0.7056870460510254,
        0.7147806286811829,
        0.7249566912651062,
        0.7344110608100891,
        0.7502886652946472,
        0.7609699964523315,
        0.7685478925704956,
        0.7774971127510071,
        0.78695148229599,
        0.7847864031791687,
        0.798787534236908
    ],
    "loss": [
        2.5899393558502197,
        1.79141366481781,
        1.5436797142028809,
        1.387799859046936,
        1.2855546474456787,
        1.2053680419921875,
        1.1367363929748535,
        1.0749694108963013,
        1.0165361166000366,
        0.9748295545578003,
        0.9416550397872925,
        0.9008485078811646,
        0.854400098323822,
        0.8206149935722351,
        0.7922369837760925,
        0.7672749757766724,
        0.7396127581596375,
        0.7206150889396667,
        0.6922104954719543
    ],
    "val_accuracy": [
        0.4932478070259094,
        0.5648210644721985,
        0.5962187647819519,
        0.6164753437042236,
        0.6340310573577881,
        0.6505739092826843,
        0.6593517661094666,
        0.6667792201042175,
        0.6640783548355103,
        0.6742066144943237,
        0.6796083450317383,
        0.6755570769309998,
        0.6850101351737976,
        0.6897366642951965,
        0.69074946641922,
        0.6880486011505127,
        0.6961512565612793,
        0.6893990635871887,
        0.6958136558532715
    ],
    "val_loss": [
        1.845457673072815,
        1.5478687286376953,
        1.4071866273880005,
        1.322339415550232,
        1.268247365951538,
        1.2384968996047974,
        1.1921930313110352,
        1.1672724485397339,
        1.1557376384735107,
        1.1199616193771362,
        1.1159167289733887,
        1.117184042930603,
        1.0967775583267212,
        1.0736145973205566,
        1.0705095529556274,
        1.0723845958709717,
        1.0544642210006714,
        1.0637956857681274,
        1.0512945652008057
    ]
}