{
    "accuracy": [
        0.15177540481090546,
        0.3834439814090729,
        0.4907621145248413,
        0.6428983807563782,
        0.8354503512382507,
        0.918013870716095,
        0.9597286581993103,
        0.9843389391899109,
        0.9916281700134277,
        0.9953088760375977,
        0.9953810572624207,
        0.9936489462852478,
        0.9927828907966614,
        0.9897517561912537
    ],
    "loss": [
        3.240227222442627,
        2.3567724227905273,
        1.94436776638031,
        1.2748303413391113,
        0.5882851481437683,
        0.3089410364627838,
        0.16963444650173187,
        0.08950556069612503,
        0.05162607878446579,
        0.03389916941523552,
        0.029955659061670303,
        0.031167535111308098,
        0.03423987329006195,
        0.0425819531083107
    ],
    "val_accuracy": [
        0.3187035918235779,
        0.4577987790107727,
        0.53038489818573,
        0.592842698097229,
        0.6684672236442566,
        0.7515192627906799,
        0.7792032361030579,
        0.7923700213432312,
        0.8028359413146973,
        0.806549608707428,
        0.8102633357048035,
        0.8129642009735107,
        0.7923700213432312,
        0.7906819581985474
    ],
    "val_loss": [
        2.621274948120117,
        2.0888378620147705,
        1.8134788274765015,
        1.395531177520752,
        1.1613012552261353,
        0.8717725872993469,
        0.7898267507553101,
        0.7633373737335205,
        0.7588685750961304,
        0.7732241749763489,
        0.7501707673072815,
        0.7619975209236145,
        0.8974674344062805,
        0.8636097311973572
    ]
}