{
    "accuracy": [
        0.274465948343277,
        0.4532332420349121,
        0.5088770389556885,
        0.5480658411979675,
        0.5720987319946289,
        0.593677818775177,
        0.6091945767402649,
        0.6195150017738342,
        0.630629301071167,
        0.6474451422691345,
        0.6532909870147705,
        0.6656321883201599,
        0.6682303547859192,
        0.6743649244308472,
        0.6833140850067139,
        0.6891599297523499,
        0.7030167579650879,
        0.6978926062583923,
        0.7090069055557251,
        0.7114607095718384
    ],
    "loss": [
        2.7845332622528076,
        1.9690661430358887,
        1.717212438583374,
        1.5776925086975098,
        1.477145791053772,
        1.404026985168457,
        1.3523979187011719,
        1.2961639165878296,
        1.2490500211715698,
        1.2092769145965576,
        1.179229974746704,
        1.1429060697555542,
        1.1110389232635498,
        1.0931272506713867,
        1.0728087425231934,
        1.0488759279251099,
        1.0222779512405396,
        1.0091331005096436,
        0.982066810131073,
        0.9664681553840637
    ],
    "val_accuracy": [
        0.44834572076797485,
        0.5293720364570618,
        0.5607697367668152,
        0.5833895802497864,
        0.5982444286346436,
        0.6171505451202393,
        0.6198514699935913,
        0.6272788643836975,
        0.6326805949211121,
        0.6367319226264954,
        0.6421337127685547,
        0.6407832503318787,
        0.6519243717193604,
        0.6522619724273682,
        0.6532748341560364,
        0.6650911569595337,
        0.6650911569595337,
        0.6711681485176086,
        0.6731938123703003,
        0.6742066144943237
    ],
    "val_loss": [
        2.0713841915130615,
        1.718704342842102,
        1.5545626878738403,
        1.469467043876648,
        1.398128867149353,
        1.3554123640060425,
        1.311507225036621,
        1.2809926271438599,
        1.2551655769348145,
        1.2431650161743164,
        1.2117793560028076,
        1.2194738388061523,
        1.1897646188735962,
        1.1644641160964966,
        1.1652531623840332,
        1.1504820585250854,
        1.145895004272461,
        1.1293976306915283,
        1.119280457496643,
        1.1116993427276611
    ]
}