{
    "accuracy": [
        0.337976336479187,
        0.5396940112113953,
        0.6057303547859192,
        0.6462904214859009,
        0.6805716156959534,
        0.7082130312919617,
        0.7248845100402832,
        0.7413395047187805,
        0.7591657042503357,
        0.7757650017738342,
        0.7853637337684631,
        0.8034064769744873,
        0.8090357780456543,
        0.8254185914993286,
        0.8286662697792053,
        0.835811197757721,
        0.8394919037818909,
        0.8529157042503357,
        0.861359715461731,
        0.8630196452140808
    ],
    "loss": [
        2.4853272438049316,
        1.6121947765350342,
        1.3681021928787231,
        1.2135796546936035,
        1.1025358438491821,
        1.0068535804748535,
        0.9341853260993958,
        0.8820376992225647,
        0.8299020528793335,
        0.7727669477462769,
        0.7409960627555847,
        0.679789125919342,
        0.6585710048675537,
        0.6190592050552368,
        0.5933412909507751,
        0.5726252198219299,
        0.552585244178772,
        0.5154670476913452,
        0.49017849564552307,
        0.46976229548454285
    ],
    "val_accuracy": [
        0.544226884841919,
        0.6185010075569153,
        0.6546252369880676,
        0.6674544215202332,
        0.6941255927085876,
        0.7018905878067017,
        0.7126941084861755,
        0.7113437056541443,
        0.7174206376075745,
        0.7268737554550171,
        0.7349763512611389,
        0.7309250235557556,
        0.7329506874084473,
        0.7424038052558899,
        0.7410533428192139,
        0.7464550733566284,
        0.7518568634986877,
        0.7498311996459961,
        0.7494935989379883,
        0.7535449266433716
    ],
    "val_loss": [
        1.6396485567092896,
        1.3454242944717407,
        1.216126561164856,
        1.1490824222564697,
        1.0830506086349487,
        1.0449992418289185,
        1.0116373300552368,
        0.9984835386276245,
        0.9812542796134949,
        0.9621383547782898,
        0.9458044767379761,
        0.9454642534255981,
        0.9275503158569336,
        0.9115704298019409,
        0.9195335507392883,
        0.9020707607269287,
        0.8856393098831177,
        0.8899969458580017,
        0.8883311152458191,
        0.8819350004196167
    ]
}