{
    "accuracy": [
        0.118648961186409,
        0.23282332718372345,
        0.35183313488960266,
        0.461893767118454,
        0.5530456304550171,
        0.6356812715530396,
        0.7017176747322083,
        0.7562066912651062,
        0.7874566912651062
    ],
    "loss": [
        3.3240315914154053,
        2.7915055751800537,
        2.353731393814087,
        1.921224594116211,
        1.5656800270080566,
        1.2293555736541748,
        1.001573085784912,
        0.8124585747718811,
        0.7036080360412598
    ],
    "val_accuracy": [
        0.2120189070701599,
        0.307900071144104,
        0.4186360538005829,
        0.46252530813217163,
        0.49088454246520996,
        0.5108035206794739,
        0.5212694406509399,
        0.5158676505088806,
        0.5189061164855957
    ],
    "val_loss": [
        2.884775400161743,
        2.5114808082580566,
        2.140207529067993,
        2.030550003051758,
        1.9512683153152466,
        1.9629671573638916,
        1.987070083618164,
        2.085814952850342,
        2.1338109970092773
    ]
}