{
    "accuracy": [
        0.2931582033634186,
        0.487225741147995,
        0.5501587986946106,
        0.5915848612785339,
        0.6172777414321899,
        0.636475145816803,
        0.6496824622154236,
        0.6683747172355652,
        0.6838192939758301,
        0.6892321109771729,
        0.7025837302207947,
        0.7092956304550171,
        0.7211316227912903,
        0.7287095785140991,
        0.7407621145248413,
        0.7433602809906006,
        0.7565675377845764,
        0.757866621017456,
        0.7658054232597351,
        0.7660219669342041
    ],
    "loss": [
        2.7770729064941406,
        1.8840782642364502,
        1.6108437776565552,
        1.4542832374572754,
        1.3634264469146729,
        1.2686443328857422,
        1.2103484869003296,
        1.1584510803222656,
        1.1025505065917969,
        1.0662072896957397,
        1.028354525566101,
        0.9994834661483765,
        0.9668359756469727,
        0.944579541683197,
        0.907077431678772,
        0.8857567310333252,
        0.8632181882858276,
        0.8440163135528564,
        0.8262621164321899,
        0.7995541095733643
    ],
    "val_accuracy": [
        0.4648886024951935,
        0.554692804813385,
        0.591492235660553,
        0.6097231507301331,
        0.6279540657997131,
        0.6397704482078552,
        0.6522619724273682,
        0.6667792201042175,
        0.6650911569595337,
        0.6748818159103394,
        0.6772450804710388,
        0.676907479763031,
        0.6887238621711731,
        0.6873733997344971,
        0.6910871267318726,
        0.6937879920005798,
        0.6958136558532715,
        0.7008777856826782,
        0.7002025842666626,
        0.7015529870986938
    ],
    "val_loss": [
        2.0203018188476562,
        1.6428509950637817,
        1.4781103134155273,
        1.3827714920043945,
        1.3098106384277344,
        1.260406255722046,
        1.2165870666503906,
        1.1874381303787231,
        1.1641546487808228,
        1.1430858373641968,
        1.1240311861038208,
        1.1193549633026123,
        1.0894492864608765,
        1.0734997987747192,
        1.0658363103866577,
        1.0572848320007324,
        1.0410717725753784,
        1.0490483045578003,
        1.0304574966430664,
        1.0204213857650757
    ]
}